{"cameraMode":{"drawMode":0,"name":"Shaded","section":"Shading Mode"},"sceneLighting":true,"audioPlay":false,"sceneViewState":{"showFog":false,"showMaterialUpdate":false,"showSkybox":false,"showFlares":false,"showImageEffects":false,"showParticleSystems":false},"in2DMode":false,"pivot":{"x":4.1256103515625,"y":-1.2701725959777833,"z":3.8855714797973635},"rotation":{"x":-0.04486578330397606,"y":0.9548671841621399,"z":-0.2188568264245987,"w":-0.19574856758117677},"size":8.088077545166016,"orthographic":false}